-- MySQL dump 10.13  Distrib 8.0.18, for Win64 (x86_64)
--
-- Host: 127.0.0.1    Database: tokokasih
-- ------------------------------------------------------
-- Server version	8.0.18

/*!40101 SET @OLD_CHARACTER_SET_CLIENT=@@CHARACTER_SET_CLIENT */;
/*!40101 SET @OLD_CHARACTER_SET_RESULTS=@@CHARACTER_SET_RESULTS */;
/*!40101 SET @OLD_COLLATION_CONNECTION=@@COLLATION_CONNECTION */;
/*!50503 SET NAMES utf8 */;
/*!40103 SET @OLD_TIME_ZONE=@@TIME_ZONE */;
/*!40103 SET TIME_ZONE='+00:00' */;
/*!40014 SET @OLD_UNIQUE_CHECKS=@@UNIQUE_CHECKS, UNIQUE_CHECKS=0 */;
/*!40014 SET @OLD_FOREIGN_KEY_CHECKS=@@FOREIGN_KEY_CHECKS, FOREIGN_KEY_CHECKS=0 */;
/*!40101 SET @OLD_SQL_MODE=@@SQL_MODE, SQL_MODE='NO_AUTO_VALUE_ON_ZERO' */;
/*!40111 SET @OLD_SQL_NOTES=@@SQL_NOTES, SQL_NOTES=0 */;

--
-- Table structure for table `categories`
--

DROP TABLE IF EXISTS `categories`;
/*!40101 SET @saved_cs_client     = @@character_set_client */;
/*!50503 SET character_set_client = utf8mb4 */;
CREATE TABLE `categories` (
  `id` int(11) NOT NULL AUTO_INCREMENT,
  `category` varchar(45) NOT NULL,
  `parentId` int(11) DEFAULT NULL,
  PRIMARY KEY (`id`),
  KEY `parentId_idx` (`parentId`),
  CONSTRAINT `fk_cat_cat` FOREIGN KEY (`parentId`) REFERENCES `categories` (`id`) ON DELETE RESTRICT
) ENGINE=InnoDB AUTO_INCREMENT=10 DEFAULT CHARSET=utf8mb4 COLLATE=utf8mb4_0900_ai_ci;
/*!40101 SET character_set_client = @saved_cs_client */;

--
-- Dumping data for table `categories`
--

LOCK TABLES `categories` WRITE;
/*!40000 ALTER TABLE `categories` DISABLE KEYS */;
INSERT INTO `categories` VALUES (1,'pakaian',NULL),(2,'makanan',NULL),(3,'elektronik',NULL),(4,'atasan',NULL),(5,'bawahan',NULL),(6,'nasi goreng ',NULL),(7,'mie ayam',NULL),(8,'laptop',NULL),(9,'elektronik rmh',NULL);
/*!40000 ALTER TABLE `categories` ENABLE KEYS */;
UNLOCK TABLES;

--
-- Table structure for table `productcat`
--

DROP TABLE IF EXISTS `productcat`;
/*!40101 SET @saved_cs_client     = @@character_set_client */;
/*!50503 SET character_set_client = utf8mb4 */;
CREATE TABLE `productcat` (
  `id` int(11) NOT NULL AUTO_INCREMENT,
  `categoryId` int(11) NOT NULL,
  `productId` int(11) NOT NULL,
  PRIMARY KEY (`id`),
  KEY `fk_cat_idx` (`categoryId`),
  KEY `fk_prod_idx` (`productId`),
  CONSTRAINT `fk_cat` FOREIGN KEY (`categoryId`) REFERENCES `categories` (`id`) ON DELETE RESTRICT,
  CONSTRAINT `fk_prod` FOREIGN KEY (`productId`) REFERENCES `productcat` (`id`) ON DELETE RESTRICT
) ENGINE=InnoDB AUTO_INCREMENT=13 DEFAULT CHARSET=utf8mb4 COLLATE=utf8mb4_0900_ai_ci;
/*!40101 SET character_set_client = @saved_cs_client */;

--
-- Dumping data for table `productcat`
--

LOCK TABLES `productcat` WRITE;
/*!40000 ALTER TABLE `productcat` DISABLE KEYS */;
INSERT INTO `productcat` VALUES (1,4,1),(2,1,1),(3,5,2),(4,1,2),(5,6,3),(6,2,3),(7,7,4),(8,2,4),(9,8,5),(10,3,5),(11,9,6),(12,3,6);
/*!40000 ALTER TABLE `productcat` ENABLE KEYS */;
UNLOCK TABLES;

--
-- Table structure for table `products`
--

DROP TABLE IF EXISTS `products`;
/*!40101 SET @saved_cs_client     = @@character_set_client */;
/*!50503 SET character_set_client = utf8mb4 */;
CREATE TABLE `products` (
  `id` int(11) NOT NULL AUTO_INCREMENT,
  `nama` varchar(45) NOT NULL,
  `description` varchar(45) NOT NULL,
  `harga` int(11) NOT NULL,
  PRIMARY KEY (`id`)
) ENGINE=InnoDB AUTO_INCREMENT=7 DEFAULT CHARSET=utf8mb4 COLLATE=utf8mb4_0900_ai_ci;
/*!40101 SET character_set_client = @saved_cs_client */;

--
-- Dumping data for table `products`
--

LOCK TABLES `products` WRITE;
/*!40000 ALTER TABLE `products` DISABLE KEYS */;
INSERT INTO `products` VALUES (1,'jaket','jaket terhangat',500000),(2,'celana jeans','slimfit',300000),(3,'nasi goreng ','nasi goreng gila',20000),(4,'mie ayam','mie ayam yamin',15000),(5,'laptop','laptop gaming',15000000),(6,'kipas angin','kipas gantung ',300000);
/*!40000 ALTER TABLE `products` ENABLE KEYS */;
UNLOCK TABLES;

--
-- Dumping events for database 'tokokasih'
--
/*!40103 SET TIME_ZONE=@OLD_TIME_ZONE */;

/*!40101 SET SQL_MODE=@OLD_SQL_MODE */;
/*!40014 SET FOREIGN_KEY_CHECKS=@OLD_FOREIGN_KEY_CHECKS */;
/*!40014 SET UNIQUE_CHECKS=@OLD_UNIQUE_CHECKS */;
/*!40101 SET CHARACTER_SET_CLIENT=@OLD_CHARACTER_SET_CLIENT */;
/*!40101 SET CHARACTER_SET_RESULTS=@OLD_CHARACTER_SET_RESULTS */;
/*!40101 SET COLLATION_CONNECTION=@OLD_COLLATION_CONNECTION */;
/*!40111 SET SQL_NOTES=@OLD_SQL_NOTES */;

-- Dump completed on 2020-02-10 12:37:06
